{"title":"","id":1,"dateAdded":1254850737918496,"lastModified":1254850737919646,"type":"text/x-moz-place-container","root":"placesRoot","children":[{"title":"Bookmarks Menu","id":2,"parent":1,"dateAdded":1254850737919095,"lastModified":1254850738105820,"type":"text/x-moz-place-container","root":"bookmarksMenuFolder","children":[{"title":"Recently Bookmarked","id":7,"parent":2,"annos":[{"name":"Places/SmartBookmark","flags":0,"expires":4,"mimeType":null,"type":3,"value":"RecentlyBookmarked"}],"type":"text/x-moz-place","uri":"place:folder=BOOKMARKS_MENU&folder=UNFILED_BOOKMARKS&folder=TOOLBAR&sort=12&excludeQueries=1&excludeItemIfParentHasAnnotation=livemark%2FfeedURI&maxResults=10&queryType=1"},{"index":1,"title":"Recent Tags","id":8,"parent":2,"annos":[{"name":"Places/SmartBookmark","flags":0,"expires":4,"mimeType":null,"type":3,"value":"RecentTags"}],"type":"text/x-moz-place","uri":"place:sort=14&type=6&maxResults=10"},{"index":2,"title":"","id":9,"parent":2,"dateAdded":1254850737982329,"type":"text/x-moz-place-separator"},{"index":3,"title":"Get Bookmark Add-ons","id":10,"parent":2,"dateAdded":1254850737990277,"lastModified":1254850738019190,"type":"text/x-moz-place","uri":"https://en-us.add-ons.mozilla.com/en-US/firefox/bookmarks/"},{"index":4,"title":"","id":14,"parent":2,"dateAdded":1254850738028925,"type":"text/x-moz-place-separator"},{"index":5,"title":"Ubuntu and Free Software links","id":15,"parent":2,"dateAdded":1181129907000000,"lastModified":1180687506000000,"annos":[{"name":"bookmarkProperties/description","flags":0,"expires":4,"mimeType":null,"type":3,"value":"Information and resources about Ubuntu, Debian and Free Software in general"}],"type":"text/x-moz-place-container","children":[{"title":"Ubuntu","id":16,"parent":15,"dateAdded":1181129907000000,"lastModified":1181129907000000,"type":"text/x-moz-place","uri":"http://www.ubuntulinux.org/"},{"index":1,"title":"Ubuntu Support Home","id":17,"parent":15,"dateAdded":1181129907000000,"lastModified":1181129907000000,"type":"text/x-moz-place","uri":"http://www.ubuntu.com/support"},{"index":2,"title":"Ubuntu Wiki (community-edited website)","id":18,"parent":15,"dateAdded":1181129907000000,"lastModified":1181129907000000,"type":"text/x-moz-place","uri":"http://www.ubuntulinux.org/wiki/FrontPage"},{"index":3,"title":"Make a Support Request to the Ubuntu Community","id":19,"parent":15,"dateAdded":1181129907000000,"lastModified":1181129907000000,"type":"text/x-moz-place","uri":"https://launchpad.net/distros/ubuntu/+addticket"},{"index":4,"title":"Free Software Foundation","id":20,"parent":15,"dateAdded":1181129907000000,"lastModified":1181129907000000,"type":"text/x-moz-place","uri":"http://www.fsf.org/"},{"index":5,"title":"Debian (Ubuntu is based on Debian)","id":21,"parent":15,"dateAdded":1181129907000000,"lastModified":1181129907000000,"type":"text/x-moz-place","uri":"http://www.debian.org/"}]},{"index":6,"title":"Mozilla Firefox","id":22,"parent":2,"dateAdded":1254850738105791,"lastModified":1180687506000000,"type":"text/x-moz-place-container","children":[{"title":"Help and Tutorials","id":23,"parent":22,"dateAdded":1254850738106062,"lastModified":1254850738108340,"type":"text/x-moz-place","uri":"http://en-us.www.mozilla.com/en-US/firefox/help/"},{"index":1,"title":"Customize Firefox","id":24,"parent":22,"dateAdded":1254850738108592,"lastModified":1254850738109905,"type":"text/x-moz-place","uri":"http://en-us.www.mozilla.com/en-US/firefox/customize/"},{"index":2,"title":"Get Involved","id":25,"parent":22,"dateAdded":1254850738110174,"lastModified":1254850738111752,"type":"text/x-moz-place","uri":"http://en-us.www.mozilla.com/en-US/firefox/community/"},{"index":3,"title":"About Us","id":26,"parent":22,"dateAdded":1254850738112021,"lastModified":1254850738113381,"type":"text/x-moz-place","uri":"http://en-us.www.mozilla.com/en-US/firefox/about/"}]}]},{"index":1,"title":"Bookmarks Toolbar","id":3,"parent":1,"dateAdded":1254850737919290,"lastModified":1254850738024808,"annos":[{"name":"bookmarkProperties/description","flags":0,"expires":4,"mimeType":null,"type":3,"value":"Add bookmarks to this folder to see them displayed on the Bookmarks Toolbar"}],"type":"text/x-moz-place-container","root":"toolbarFolder","children":[{"title":"Most Visited","id":6,"parent":3,"annos":[{"name":"Places/SmartBookmark","flags":0,"expires":4,"mimeType":null,"type":3,"value":"MostVisited"}],"type":"text/x-moz-place","uri":"place:sort=8&maxResults=10"},{"index":1,"title":"Getting Started","id":11,"parent":3,"dateAdded":1254850738021346,"lastModified":1254850738024107,"type":"text/x-moz-place","uri":"http://en-us.www.mozilla.com/en-US/firefox/central/"},{"index":2,"title":"Latest Headlines","id":12,"parent":3,"dateAdded":1254850738024751,"lastModified":1254850747723945,"livemark":1,"annos":[{"name":"placesInternal/READ_ONLY","flags":0,"expires":4,"mimeType":null,"type":1,"value":1},{"name":"livemark/feedURI","flags":0,"expires":4,"mimeType":null,"type":3,"value":"http://en-us.fxfeeds.mozilla.com/en-US/firefox/headlines.xml"},{"name":"livemark/siteURI","flags":0,"expires":4,"mimeType":null,"type":3,"value":"http://news.bbc.co.uk/go/rss/-/2/hi/default.stm"},{"name":"livemark/expiration","flags":0,"expires":4,"mimeType":null,"type":2,"value":1254854347722}],"type":"text/x-moz-place-container","children":[]}]},{"index":2,"title":"Tags","id":4,"parent":1,"dateAdded":1254850737919457,"lastModified":1254850737922143,"type":"text/x-moz-place-container","root":"tagsFolder","children":[]},{"index":3,"title":"Unsorted Bookmarks","id":5,"parent":1,"dateAdded":1254850737919621,"lastModified":1254850737922072,"type":"text/x-moz-place-container","root":"unfiledBookmarksFolder","children":[]}]}